{"cameraMode":{"drawMode":0,"name":"Shaded","section":"Shading Mode"},"sceneLighting":true,"audioPlay":false,"sceneViewState":{"m_AlwaysRefresh":false,"showFog":true,"showSkybox":true,"showFlares":true,"showImageEffects":true,"showParticleSystems":true,"showVisualEffectGraphs":true,"m_FxEnabled":true},"in2DMode":false,"pivot":{"x":319.3941650390625,"y":-58.10540008544922,"z":398.8568115234375},"rotation":{"x":0.24435222148895265,"y":-0.0845797061920166,"z":0.021607015281915666,"w":0.9658488631248474},"size":127.39590454101563,"orthographic":false}